h,s,v,frame_edges_comp,frame_comp
4602521272320.0,179.0,0.0,4190.324377511596,3179743150080.0,255.0,0.0,8325.580805812306,14095451443200.0,255.0,0.0,10325.871975330323,819.0,903.9856530801296
4602455347200.0,179.0,0.0,4174.369825393222,3184334254080.0,255.0,0.0,8366.668891075611,14093087477760.0,255.0,0.0,10330.035441852284,810.5,833.8460784313726
4652868341760.0,179.0,0.0,4239.3454123121155,3176376299520.0,255.0,0.0,8314.249862841341,14093798645760.0,255.0,0.0,10345.154916774836,839.0,824.3343137254902
4675777658880.0,179.0,0.0,4310.789858763016,3160868167680.0,255.0,0.0,8260.760276924853,14095228600320.0,255.0,0.0,10347.512725290131,839.75,833.7264705882354
4684734996480.0,179.0,0.0,4335.469812906329,3150526525440.0,255.0,0.0,8217.59688373431,14096008888320.0,255.0,0.0,10345.768938874608,864.5,847.380392156863
4685470126080.0,179.0,0.0,4360.833372186777,3135883837440.0,255.0,0.0,8120.376740127647,14099564789760.0,255.0,0.0,10337.959817805524,1049.5,929.7960784313727
4700550696960.0,179.0,0.0,4356.7283370712175,3135766118400.0,255.0,0.0,8078.403883790927,14097837035520.0,255.0,0.0,10345.232704652797,1661.5,1245.3450980392158
4684987453440.0,179.0,0.0,4404.188002285502,3118867968000.0,255.0,0.0,7984.6526352477695,14091336069120.0,255.0,0.0,10314.878087119429,2129.5,1505.8801875868455
4666463969280.0,179.0,0.0,4368.004397081311,3125921464320.0,255.0,0.0,7969.115295784483,14078850232320.0,255.0,0.0,10285.660596923204,2834.0,1798.182453296279
4684468285440.0,179.0,0.0,4389.741372737938,3116863733760.0,255.0,0.0,7830.407841065788,14069532549120.0,255.0,0.0,10268.673152935515,3092.5,1884.9069631002005
4667979386880.0,179.0,0.0,4350.736228978655,3132340469760.0,255.0,0.0,7883.800827026431,14053323448320.0,255.0,0.0,10244.495370944192,2915.5,1720.8510807472594
4650259783680.0,179.0,0.0,4322.313479184171,3137437102080.0,255.0,0.0,7867.827440971915,14041508352000.0,255.0,0.0,10212.388848590226,2875.75,1575.090501003551
4616392335360.0,179.0,0.0,4236.243554571999,3156291686400.0,255.0,0.0,7947.979553707113,14034659573760.0,255.0,0.0,10189.866194117207,2534.0,1412.9500000000003
4629118218240.0,179.0,0.0,4251.250841063955,3150604861440.0,255.0,0.0,7903.322353524421,14033574359040.0,255.0,0.0,10182.910832080725,2319.0,1349.7539215686274
4603261378560.0,179.0,0.0,4213.397150162104,3162584739840.0,255.0,0.0,8008.027128110938,14029389434880.0,255.0,0.0,10156.927133792042,1983.0,1249.308823529412
4598061772800.0,179.0,0.0,4195.038270549022,3163543572480.0,255.0,0.0,8003.476587254769,14028001259520.0,255.0,0.0,10140.704218314459,1765.25,1196.322549019608
4593246289920.0,179.0,0.0,4173.87731719922,3165600276480.0,255.0,0.0,8000.7780220691675,14025621258240.0,255.0,0.0,10129.39647667103,1813.5,1188.56568627451
4591748075520.0,179.0,0.0,4170.605984437297,3168139960320.0,255.0,0.0,8008.552920600254,14023053987840.0,255.0,0.0,10123.71977203472,1736.25,1146.1421568627452
4597049180160.0,179.0,0.0,4154.760531103028,3169844367360.0,255.0,0.0,7949.692251584465,14023032852480.0,255.0,0.0,10129.121848053159,1782.25,1265.9176470588236
4594237255680.0,179.0,0.0,4178.024338054583,3172379443200.0,255.0,0.0,7956.883047656186,14019532492800.0,255.0,0.0,10144.118842048654,1836.25,1363.7408715454685
4619658055680.0,179.0,0.0,4200.01762771599,3180340224000.0,255.0,0.0,7952.617169699797,14015912448000.0,255.0,0.0,10175.99932238262,1719.75,1522.230260923267
4625378611200.0,179.0,0.0,4231.542311782254,3182111846400.0,255.0,0.0,7968.41113929862,14016018247680.0,255.0,0.0,10198.268003850948,2249.5,2024.2263393546393
4626907791360.0,179.0,0.0,4231.925141161304,3175914885120.0,255.0,0.0,7921.992769849893,14017212211200.0,255.0,0.0,10229.122601358351,3238.5,3274.201829550718
4603285954560.0,179.0,0.0,4231.053662525304,3159148769280.0,255.0,0.0,7829.082489548862,14013354086400.0,255.0,0.0,10251.510933556228,4328.0,5266.705349698935
4594889441280.0,179.0,0.0,4176.846049608994,3143477329920.0,255.0,0.0,7651.241531692272,13996328939520.0,255.0,0.0,10289.441260989031,5533.75,7676.504963717771
4582558310400.0,179.0,0.0,4135.970657124201,3117936721920.0,255.0,0.0,7428.488135715252,13959749406720.0,255.0,0.0,10308.920188355498,6575.25,10548.312247182337
4544484679680.0,179.0,0.0,4043.364710836495,3101140623360.0,255.0,0.0,7198.8714573738725,13887696998400.0,255.0,0.0,10320.322546625424,7388.5,13335.771244403273
4509379461120.0,179.0,0.0,3920.797469219165,3093721927680.0,255.0,0.0,6929.069307742914,13775443292160.0,255.0,0.0,10268.393463400556,8229.5,16213.58318666049
4461059665920.0,179.0,0.0,3780.4640617993778,3087023247360.0,255.0,0.0,6659.899089650908,13639121387520.0,255.0,0.0,10129.411562854322,8967.0,18081.154600895476
4405703577600.0,179.0,0.0,3608.8235298462023,3092069806080.0,255.0,0.0,6370.032217853726,13460429721600.0,255.0,1.0,9881.455870444797,9626.75,20310.172244094487
4384929116160.0,179.0,0.0,3530.7135798570525,3075378401280.0,255.0,0.0,6100.875004924108,13258199592960.0,255.0,1.0,9576.539791412153,10045.0,21671.601377952757
4405797396480.0,179.0,0.0,3535.9457025339757,3038143303680.0,255.0,0.0,5744.499933928353,13079385600000.0,255.0,1.0,9242.216745857548,10255.25,21700.754921259842
4442933882880.0,179.0,0.0,3562.03331741512,3010386001920.0,255.0,0.0,5486.3273644414485,12919626301440.0,255.0,1.0,8992.521763378229,10573.75,21079.487204724406
4490631106560.0,179.0,0.0,3585.984315421687,3007312588800.0,255.0,0.0,5414.233304677678,12777043476480.0,255.0,1.0,8851.055780029383,10759.75,18392.02559055118
4539640872960.0,179.0,0.0,3644.917376370853,3012736880640.0,255.0,0.0,5521.2212305077555,12679549378560.0,255.0,1.0,8824.25722947676,10815.0,14760.840551181102
4535991644160.0,179.0,0.0,3582.0536563175515,3046527651840.0,255.0,0.0,5682.062771594165,12620291174400.0,255.0,2.0,8865.934824923886,10637.25,10906.599409448818
4529361592320.0,179.0,0.0,3545.9162588991376,3065111531520.0,255.0,0.0,5813.836314736864,12575200481280.0,255.0,2.0,8960.650438640225,10342.0,8321.976377952757
4518964285440.0,179.0,0.0,3483.231153072728,3105601904640.0,255.0,0.0,6124.575427650706,12547788288000.0,255.0,2.0,9060.443408688916,10138.25,7028.798228346456
4464484884480.0,179.0,0.0,3553.3002054957283,3203630346240.0,255.0,0.0,6520.131991616238,12507290726400.0,255.0,2.0,9216.39708896939,10075.0,7936.2696850393695
4169692938240.0,179.0,0.0,3749.459009890302,3950730485760.0,255.0,0.0,7958.683132140541,12188221870080.0,255.0,1.0,9469.488265668371,10294.75,15651.904527559054
3815823298560.0,179.0,0.0,3773.8389350024013,4778574520320.0,255.0,0.0,8875.68619911764,11831453306880.0,255.0,1.0,9185.359645753786,9754.5,25870.80320018051
3648024883200.0,179.0,0.0,4046.821940455426,5184947281920.001,255.0,0.0,9052.870561408763,12223710167040.0,255.0,1.0,8464.16270948372,8185.0,39954.007128980564
3718784778240.0,179.0,0.0,4622.947821216731,5379636510720.001,255.0,0.0,9034.819314845383,12870292439040.0,255.0,1.0,7981.484032925118,6263.75,47512.65811340035
3774510919680.0,179.0,0.0,4830.7792105260105,5520140574720.0,255.0,0.0,9138.84742240268,13232577269760.0,255.0,1.0,7355.74363273575,4546.5,43083.05840765375
4042947809280.0,179.0,0.0,4866.905696654712,5031138877440.0,255.0,0.0,8453.73234270755,13863440302080.0,255.0,4.0,6587.173054760127,3178.5,32078.380963786745
4368571084800.0,179.0,0.0,5147.835282879671,4479166156800.0,255.0,0.0,8436.784260855642,14491583569920.0,255.0,10.0,6342.943957974094,2899.0,17656.17382151392
4466736168960.0,179.0,0.0,5125.042401510643,4431985766400.0,255.0,0.0,9385.362308645535,14318599741440.0,255.0,10.0,6484.652766085243,2950.0,9418.279759013014
4369901322240.0,179.0,0.0,4969.872375313675,4535438315520.0,255.0,0.0,10123.53338500204,13875410595840.0,255.0,10.0,6402.212271408494,2519.0,6994.690199552333
4340489379840.0,179.0,0.0,4988.8324552017,4656587550720.0,255.0,0.0,10768.188622334066,13720116695040.0,255.0,9.0,6436.464775682439,2788.5,8271.423101427472
4357109391360.0,179.0,0.0,5123.8805047480055,4709206794240.0,255.0,0.0,10862.966895098389,13580908216320.0,255.0,6.0,6497.982718103643,2801.75,7837.248707754027
4341590016000.0,179.0,0.0,5077.456203153715,4725300510720.0,255.0,0.0,10698.413859713131,13481498603520.0,255.0,6.0,6500.872012089168,2964.75,7814.901266024621
4368495882240.0,179.0,0.0,5036.431685618157,4604473036800.0,255.0,0.0,9973.63534699051,13469449728000.0,255.0,6.0,6541.145903673183,3063.0,9704.294773252212
4375918755840.0,179.0,0.0,4855.495847836198,4477039964160.0,255.0,0.0,9276.840772013315,13485856296960.0,255.0,5.0,6586.784288386801,2871.0,11021.773025795123
4406707568640.0,179.0,0.0,4731.082647396745,4295794114560.0,255.0,0.0,8313.319763616053,13549547950080.0,255.0,5.0,6610.553971677069,3066.75,11578.105564023163
4474767482880.0,179.0,0.0,4597.563264225537,4064099819520.0,255.0,0.0,7241.124095143763,13648319016960.0,255.0,2.0,6732.983198356978,3512.5,11536.27474587593
4555579699200.0,179.0,0.0,4553.613745842606,3791169392640.0,255.0,0.0,5990.701283743741,13748413194240.0,255.0,2.0,6887.238851068814,4350.75,10540.398438716038
4639538503680.0,179.0,0.0,4576.438546490161,3552379883520.0,255.0,0.0,4981.683172739866,13890414305280.0,255.0,2.0,7258.526808607673,5652.75,12088.145959685957
4707909488640.0,179.0,0.0,4576.567810881414,3348797337600.0,255.0,0.0,4247.436526050768,14007789772800.0,255.0,2.0,7584.688270021248,6774.5,14145.324888427978
4759874088960.0,179.0,0.0,4598.550204951212,3175265587200.0,255.0,0.0,3662.695703829649,14099655843840.0,255.0,2.0,8018.153079367087,7282.25,14764.46926644051
4754848235520.0,179.0,0.0,4571.126094469601,3107661189120.0,255.0,0.0,3464.308042386829,14151881748480.0,255.0,2.0,8458.413710679955,7533.25,14245.298897821815
4773173821440.0,179.0,0.0,4657.412939153947,3093767086080.0,255.0,0.0,3432.9079935777036,14201829580800.0,255.0,2.0,8924.24168366748,7226.5,11629.635983743137
4742583951360.0,179.0,0.0,4635.6312881889135,3183774289920.0,255.0,0.0,3790.6826096197024,14141367521280.0,255.0,2.0,9149.071753474289,6798.5,10036.424874200507
4677779988480.0,179.0,0.0,4664.871730441518,3314586869760.0,255.0,0.0,4157.176371227371,14068993413120.0,255.0,2.0,9340.144356226465,6620.5,9265.26143607049
4598856683520.0,179.0,0.0,4806.8339611054,3446087454720.0,255.0,0.0,4438.740524296305,13981130342400.0,255.0,3.0,9346.808835628912,6539.5,8501.990193985961
4522628874240.0,179.0,0.0,4956.744904998333,3556082872320.0,255.0,0.0,4559.649135110718,13894521999360.0,255.0,3.0,9286.230192660449,6517.5,7835.160151038984
4455476367360.0,179.0,0.0,5001.7440470901165,3659278295040.0,255.0,0.0,4726.479944246313,13826465402880.0,255.0,3.0,9289.967678678735,6701.75,7709.993111858356
4439497850880.0,179.0,0.0,5088.324856121381,3688249774080.0,255.0,0.0,4668.049292368115,13791765749760.0,255.0,3.0,9354.583642866983,6795.75,7697.212357890103
4470770319360.0,179.0,0.0,5115.156290170861,3656108113920.0,255.0,0.0,4493.915758826701,13780711342080.0,255.0,3.0,9511.931711251407,6968.75,8238.333302463649
4510259527680.0,179.0,0.0,4934.277497185665,3625568194560.0,255.0,0.0,4520.157461768204,13780975165440.0,255.0,2.0,9773.085708200582,7113.75,9059.014807931615
4566675886080.0,179.0,0.0,4746.212356237423,3576501473280.0,255.0,0.0,4607.830662016667,13788481413120.0,255.0,2.0,10044.389014513905,6987.5,9335.441873588676
4642867752960.0,179.0,0.0,4660.935616720126,3521077739520.0,255.0,0.0,4673.209835932753,13748434575360.0,255.0,2.0,10376.75009397634,7040.5,10266.790888910626
4691921203200.0,179.0,0.0,4482.388151740572,3528732794880.0,255.0,0.0,5089.505885562388,13678527098880.0,255.0,2.0,10770.765308338176,7173.5,10394.445037502725
4720884756480.0,179.0,0.0,4350.076905486605,3560142028800.0,255.0,0.0,5489.214154595693,13601655398400.0,255.0,1.0,11078.484741514545,7517.0,11326.832490429806
4719878737920.0,179.0,0.0,4230.577264638572,3663492771840.0,255.0,0.0,6304.016304288874,13493051351040.0,255.0,1.0,11362.372779782654,7575.25,11156.10620973515
4708178227200.0,179.0,0.0,4185.342364327971,3767786987520.0,255.0,0.0,6926.388969986492,13383048867840.0,255.0,1.0,11549.856135630173,7626.5,10246.680118110236
4672702218240.0,179.0,0.0,4153.315916247198,3790559047680.0,255.0,0.0,7036.232409302489,13383367311360.0,255.0,1.0,11375.424537103336,7577.5,10691.455708661419
4666873098240.0,179.0,0.0,4162.429511635133,3709317734400.0,255.0,0.0,6728.393699197535,13498334638080.0,255.0,1.0,10989.044649450228,7175.5,11921.710629921261
4630965350400.0,179.0,0.0,4227.365493175559,3614840156160.0,255.0,0.0,6357.288322252474,13643248128000.0,255.0,2.0,10415.100243236342,7035.5,13928.102362204725
4623841075200.0,179.0,0.0,4370.257091554324,3448497254400.0,255.0,0.0,5440.154768733798,13827506380800.0,255.0,2.0,9697.091106048227,6641.5,14805.25
4599902699520.0,179.0,0.0,4466.363989894422,3308189921280.0,255.0,0.0,4721.610592968824,13996072366080.0,255.0,2.0,8926.287173824365,6189.0,14017.554133858266
4570823946240.0,179.0,0.0,4574.042279881424,3280805990400.0,255.0,0.0,4570.529906591955,14083202273280.0,255.0,2.0,8416.029633526538,6096.0,12682.864173228345
4555721256960.0,179.0,0.0,4876.470603869173,3298828922880.0,255.0,0.0,4520.961428268719,14120910704640.0,255.0,1.0,8349.50810858113,6954.0,13919.789370078739
4706531205120.0,179.0,0.0,4947.092081529871,3197233152000.0,255.0,0.0,4341.938582877457,14150930472960.0,255.0,1.0,8575.26150368273,7878.0,13793.188089384083
4824049029120.0,179.0,0.0,4930.686754995759,3105087467520.0,255.0,0.0,4247.395195057901,14178509414400.0,255.0,1.0,8902.999572054821,8483.75,13133.438606797172
4963686973440.0,179.0,0.0,4927.692330179045,2986069340160.0,255.0,0.0,4091.526259346569,14235406172160.0,255.0,1.0,9323.096603999351,9031.75,11161.330339080636
5078482944000.0,179.0,0.0,4791.942490864775,2856658944000.0,255.0,0.0,3983.0254380694287,14301726474240.0,255.0,1.0,9707.632711399863,8625.5,7086.439591049142
5154952212479.999,179.0,0.0,4534.9129400021975,2727606435839.9995,255.0,0.0,3812.8547466733503,14331211345920.0,255.0,2.0,9734.171274609196,8018.25,5177.444609567084
5064461844480.0,179.0,0.0,4379.377962958462,2753687162880.0,255.0,0.0,3985.455611884551,14340505374720.0,255.0,2.0,9685.862592775082,7955.25,4506.068162366561
5015399669760.0,179.0,0.0,4355.32040990501,2742447636480.0,255.0,0.0,3931.1209041359793,14351609671680.0,255.0,2.0,9621.037338988994,7336.5,3820.169629796769
4951300177920.0,179.0,0.0,4278.895310420376,2756793200640.0,255.0,0.0,3989.366612895234,14347848069120.0,255.0,2.0,9575.514980207561,6380.5,3065.286899723009
4909703086080.0,179.0,0.0,4255.334335219044,2753170636800.0,255.0,0.0,3926.1948794123964,14346101575680.0,255.0,2.0,9527.500654310385,5359.5,2465.876217671408
4865602007040.0,179.0,0.0,4167.3496788627735,2789473873920.0,255.0,0.0,4095.7643704161014,14333555220480.0,255.0,2.0,9522.579052858035,4632.75,2097.8608353303666
4865085726720.0,179.0,0.0,4200.592460438453,2777197977600.0,255.0,0.0,3996.775215708033,14335193026560.0,255.0,2.0,9504.312834290238,4569.25,2075.1319619509027
4852975472640.0,179.0,0.0,4186.035981671662,2783656488960.0,255.0,0.0,4008.042938762358,14332374282240.0,255.0,2.0,9509.076193817698,4940.25,2162.3293353770505
4846101749760.0,179.0,0.0,4162.973877874205,2791871569920.0,255.0,0.0,4033.080826713181,14330971176960.0,255.0,2.0,9523.137380088105,5763.75,2394.3367970184554
4843104645120.0,179.0,0.0,4180.307075373046,2790491443200.0,255.0,0.0,4048.9018479001475,14331085393920.0,255.0,2.0,9548.681635837353,6005.5,2461.4285541999934
4833447383040.0,179.0,0.0,4188.21302441988,2783860469760.0,255.0,0.0,4033.8806166152217,14332815175680.0,255.0,2.0,9572.813491556262,5441.0,2292.4216661652467
4816149565440.0,179.0,0.0,4140.723358446217,2804443852800.0,255.0,0.0,4167.397747738573,14327134801920.0,255.0,2.0,9607.867385667387,4906.5,2084.7448180884503
4797964677120.0,179.0,0.0,4098.484232490296,2827208110080.0,255.0,0.0,4308.756339127531,14320311889920.0,255.0,2.0,9641.723147635152,3912.0,1767.514969966699
4790032588800.0,179.0,0.0,4110.324140069899,2824147046400.0,255.0,0.0,4307.540633538872,14321207746560.0,255.0,2.0,9648.517171940104,3129.75,1565.806650897887
4776624844800.0,179.0,0.0,4054.7994540637233,2846323568640.0,255.0,0.0,4430.477246709453,14314890608640.0,255.0,2.0,9670.707663318293,3400.25,1595.7824803149608
4776230277120.0,179.0,0.0,4052.690444540628,2848662896640.0,255.0,0.0,4445.752489888191,14308382453760.0,255.0,0.0,9711.725593631245,4156.75,2146.779643353404
4777437081600.0,179.0,0.0,4065.616554027441,2856469032960.0,255.0,0.0,4498.246808089987,14294177771520.0,255.0,0.0,9794.230432118744,5311.75,2856.7725104214915
4774284718080.0,179.0,0.0,4058.646922652658,2866259558400.0,255.0,0.0,4555.1805162117,14277261557760.0,255.0,0.0,9885.383992478815,6173.75,3108.2105025474752
4768546099200.0,179.0,0.0,4055.6753742719966,2880629391360.0,255.0,0.0,4634.925009901682,14258553384960.0,255.0,0.0,9977.35026847052,6204.75,3142.3404238073176
4771093954560.0,179.0,0.0,4102.780200514412,2866119966720.0,255.0,0.0,4549.201503748829,14247586406400.0,255.0,0.0,10037.349197967593,5570.5,2655.440907900928
4775616737280.0,179.0,0.0,4147.0048485546,2852292648960.0,255.0,0.0,4453.796946884027,14243408424960.0,255.0,1.0,10056.667508188599,4255.5,1903.994008901061
4772702392320.0,179.0,0.0,4145.427948799843,2852548853760.0,255.0,0.0,4436.636802602641,14242581565440.0,255.0,2.0,10048.892260072551,3262.75,1622.0408445115308
4778533355520.0,179.0,0.0,4195.739527757241,2827421306880.0,255.0,0.0,4286.522654113378,14248796712960.0,255.0,2.0,10016.00589023019,2674.5,1454.730805141452
4792367247360.0,179.0,0.0,4251.390533136887,2801028464640.0,255.0,0.0,4130.661484572496,14254721740800.0,255.0,1.0,9984.961976726501,2222.5,1296.9559926550683
4785847111680.0,179.0,0.0,4207.979317165131,2824813793280.0,255.0,0.0,4252.542560144097,14249093468160.0,255.0,1.0,9991.064533832054,2430.75,1370.9897489962964
4777911644160.0,179.0,0.0,4159.316761310121,2851958476800.0,255.0,0.0,4401.008506104246,14243229511680.0,255.0,1.0,9999.683729708366,2397.5,1308.3169291338584
4772799959040.0,179.0,0.0,4147.894090162881,2856725975040.0,255.0,0.0,4422.533203092501,14242394910720.0,255.0,1.0,9989.072599716706,2317.25,1281.8848425196852
4771945635840.0,179.0,0.0,4152.933649892617,2858972897280.0,255.0,0.0,4424.585565646002,14242779770880.0,255.0,1.0,9974.549574359144,2201.25,1294.853124708226
4764701982720.0,179.0,0.0,4138.358921773381,2860385710080.0,255.0,0.0,4425.799205452591,14242869534720.0,255.0,1.0,9963.277120914756,1987.25,1210.2136371417014
4758376181760.0,179.0,0.0,4130.319185834641,2865486888960.0,255.0,0.0,4451.686945854187,14243168256000.0,255.0,1.0,9953.619028080242,2008.25,1252.3061996203046
4756506009600.0,179.0,0.0,4134.2898711105345,2862912245760.0,255.0,0.0,4432.01597376034,14243489525760.0,255.0,1.0,9944.453890067261,1913.5,1228.3209633998322
4756551106560.0,179.0,0.0,4138.811157132042,2861333852160.0,255.0,0.0,4420.3435964344335,14244086538240.0,255.0,2.0,9939.763686018943,1803.5,1163.6036654632599
4745179607040.0,179.0,0.0,4086.723971293418,2886847918080.0,255.0,0.0,4567.811526283169,14238285373440.0,255.0,2.0,9954.543399338934,2061.5,1229.1319325573436
4735468400640.0,179.0,0.0,4038.514046971501,2914794270720.0,255.0,0.0,4713.96281142077,14232758599680.0,255.0,2.0,9970.158285582882,2051.75,1202.5797244094488
4748120371200.0,179.0,0.0,4100.338440547466,2889834332160.0,255.0,0.0,4575.605782028898,14238260981760.0,255.0,2.0,9953.631532361189,2141.5,1262.6370249914414
4750126817280.0,179.0,0.0,4148.6370805179595,2865372610560.0,255.0,0.0,4449.99361549829,14243320381440.0,255.0,2.0,9939.764509383263,2328.5,1318.695368180262
4746746388480.0,179.0,0.0,4145.758411942672,2865458257920.0,255.0,0.0,4454.036212378842,14242867261440.0,255.0,2.0,9939.901130052895,2071.25,1298.0780710217548
4743318589440.0,179.0,0.0,4130.548664785735,2865840906240.0,255.0,0.0,4447.951242769771,14244052561920.0,255.0,2.0,9931.277457167509,2074.25,1365.873902928636
4753484144640.0,179.0,0.0,4184.443697955428,2839278243840.0,255.0,0.0,4301.563859175629,14251174686720.0,255.0,2.0,9908.052598611397,2161.75,1379.7740032989948
4739886981120.0,179.0,0.0,4110.511271183968,2863529594880.0,255.0,0.0,4426.041047086854,14247681331200.0,255.0,2.0,9915.177867740407,2212.75,1414.5979194547322
4735647805440.0,179.0,0.0,4052.3308714211466,2889597358080.0,255.0,0.0,4562.052429852729,14244394844160.0,255.0,2.0,9921.480552972494,2295.5,1395.3274213376494
4737604055040.0,179.0,0.0,4040.24266810965,2894902886400.0,255.0,0.0,4585.66324339002,14245946449920.0,255.0,2.0,9916.63935324105,2450.5,1357.0286366748626
4735811235840.0,179.0,0.0,4042.4336359907466,2895080939520.0,255.0,0.0,4586.765235461171,14248080138240.0,255.0,2.0,9914.668295470767,2398.75,1309.29564517133
4726486302720.0,179.0,0.0,3998.578348280716,2916244439040.0,255.0,0.0,4708.153756643423,14245676052480.0,255.0,2.0,9915.748634133073,3192.0,1555.4146851949833
4741233745920.0,179.0,0.0,4065.4410812201186,2885488742400.0,255.0,0.0,4548.335259958999,14262354923520.0,255.0,2.0,9846.285601644482,4356.25,2270.7609283523357
4756187074560.0,179.0,0.0,4128.641730384796,2850314649600.0,255.0,0.0,4365.846103508144,14291521105920.0,255.0,2.0,9718.742452270475,5401.75,3126.839160359402
4755455139840.0,179.0,0.0,4139.652340495619,2827357962240.0,255.0,0.0,4243.796787218115,14323350589440.0,255.0,1.0,9561.396692363453,6581.5,3884.9666423861054
4761406402560.0,179.0,0.0,4144.67271386758,2809043988480.0,255.0,0.0,4144.8703148434215,14354242314240.0,255.0,1.0,9393.965097222837,6814.75,4041.421051679311
4774496808960.0,179.0,0.0,4194.471013401423,2771386859520.0,255.0,0.0,3956.573421805593,14387744808960.0,255.0,1.0,9225.222536419613,6266.25,3543.980153049051
4777940398080.0,179.0,0.0,4199.692997291194,2762026536960.0,255.0,0.0,3923.9850505243194,14406176993280.0,255.0,1.0,9112.527112098853,5266.75,2699.368304752419
4762276823040.0,179.0,0.0,4142.103839387469,2779344998400.0,255.0,0.0,4010.779961090183,14407425331200.0,255.0,1.0,9064.296408284452,4651.5,2114.7170567364847
4765332480000.0,179.0,0.0,4141.271560140059,2779689185280.0,255.0,0.0,4012.7451390949777,14406756495360.0,255.0,2.0,9040.73781999159,4004.75,1773.639300830973
4756113960960.0,179.0,0.0,4112.766279059484,2786623365120.0,255.0,0.0,4020.308933064969,14404938240000.0,255.0,2.0,9024.607095607069,3633.25,1621.1473421306523
4730411458560.0,179.0,0.0,4024.9004191572612,2816832184320.0,255.0,0.0,4131.865343329727,14397402992640.0,255.0,2.0,9026.963194856507,3679.5,1653.1307615698236
4707394990080.0,179.0,0.0,3935.0245891900277,2848569692160.0,255.0,0.0,4248.668886395974,14389509488640.0,255.0,2.0,9035.714565020266,3398.0,1552.0275590551182
4699736985600.0,179.0,0.0,3899.555858948718,2861509263360.0,255.0,0.0,4278.006927119509,14385933496320.0,255.0,2.0,9047.105069812318,3641.25,1635.8631889763778
4699325214720.0,179.0,0.0,3916.0663046980007,2849021521920.0,255.0,0.0,4184.995265515592,14388584632320.0,255.0,2.0,9052.50675960241,4141.25,1816.220985963711
4692644659200.0,179.0,0.0,3904.550683988211,2849600593920.0,255.0,0.0,4193.0628269764575,14386187489280.0,255.0,2.0,9083.85853086638,4520.0,1952.16661479568
4696558571520.0,179.0,0.0,3918.2558880176653,2834368020480.0,255.0,0.0,4093.496641087405,14392159395840.0,255.0,2.0,9095.435318363825,4522.25,1966.6705518035542
4688768286720.0,179.0,0.0,3889.8410271665366,2838047907840.0,255.0,0.0,4086.042936336114,14394714501120.0,255.0,2.0,9123.878288902717,4566.75,2009.6144494413495
4691996037120.0,179.0,0.0,3908.068865653367,2817012387840.0,255.0,0.0,3962.5741147366307,14404200898560.0,255.0,2.0,9138.558901185119,4923.0,2204.766549438237
4676925235200.0,179.0,0.0,3819.666051065191,2843648163840.0,255.0,0.0,4055.224291232872,14403654512640.0,255.0,2.0,9185.077366406873,5524.5,2482.241651364725
4677844316160.0,179.0,0.0,3787.660290465853,2849840271360.0,255.0,0.0,4048.7847646027353,14408295198720.0,255.0,1.0,9225.204744872823,6606.0,3112.40289362298
4674339962880.0,179.0,0.0,3732.7932397988006,2870893793280.0,255.0,0.0,4157.315771330166,14403898798080.0,255.0,1.0,9299.042519398528,6898.25,3343.4629329930585
4679131115520.0,179.0,0.0,3718.5955680215093,2875947847680.0,255.0,0.0,4175.279810504563,14402024693760.0,255.0,1.0,9361.177540214092,6544.75,3110.061303725374
4683047116800.0,179.0,0.0,3708.409169392331,2878512599040.0,255.0,0.0,4184.2929039534565,14398632898560.0,255.0,1.0,9412.763687447154,5614.0,2732.8738406834514
4678701772800.0,179.0,0.0,3701.165368465328,2881792327680.0,255.0,0.0,4203.578043645646,14393284792320.0,255.0,1.0,9451.271810147442,4448.25,2107.082677165354
4687117578240.0,179.0,0.0,3749.572447476016,2861181235200.0,255.0,0.0,4104.630293710994,14393502105600.0,255.0,0.0,9460.225721996307,3424.5,1748.1361895939476
4682268549120.0,179.0,0.0,3747.3970649689354,2861653893120.0,255.0,0.0,4101.983165885013,14390518210560.0,255.0,0.0,9463.274677293819,2873.25,1681.8173652925734
4689505689600.0,179.0,0.0,3793.5897070954006,2836583362560.0,255.0,0.0,3981.303957202116,14394866257920.0,255.0,0.0,9444.035055891683,2814.75,1674.0715435005343
4684589690880.0,179.0,0.0,3785.470331817278,2835441807360.0,255.0,0.0,3970.9033496674956,14394594570240.0,255.0,0.0,9441.267265493023,2765.5,1670.1205693634083
4698641940480.0,179.0,0.0,3839.587930319065,2811162501120.0,255.0,0.0,3852.293245655441,14399826862080.0,255.0,0.0,9429.244284280438,3569.0,1833.062688100979
4689650810880.0,179.0,0.0,3801.021749916945,2833088962560.0,255.0,0.0,3961.810771545792,14393105694720.0,255.0,2.0,9453.080173407872,4056.0,1916.5238476860354
4689930547200.0,179.0,0.0,3803.240737766255,2833285939200.0,255.0,0.0,3951.193822280841,14391576944640.0,255.0,2.0,9462.851549770483,3830.25,1832.9015592418536
4689293168640.0,179.0,0.0,3804.9844015407452,2835335393280.0,255.0,0.0,3949.297949731371,14389828177920.0,255.0,2.0,9470.824671265189,3560.25,1795.8592200431467
4678734028800.0,179.0,0.0,3772.156017030355,2859398430720.0,255.0,0.0,4054.2421035241864,14382547476480.0,255.0,2.0,9491.52560327763,2803.75,1606.0502530439621
4665716305920.0,179.0,0.0,3724.5586553977437,2882406174720.0,255.0,0.0,4160.792372971355,14374733905920.0,255.0,2.0,9513.27297007281,2389.25,1441.0919728783902
4671292354560.0,179.0,0.0,3757.9155188971945,2861564682240.0,255.0,0.0,4046.1854817812814,14379278499840.0,255.0,2.0,9500.932742705663,2434.5,1475.2059165776213
4666427289600.0,179.0,0.0,3750.460274780305,2863486771200.0,255.0,0.0,4055.439610126771,14378773094400.0,255.0,1.0,9504.210944123459,2477.5,1445.2135112928074
4665739714560.0,179.0,0.0,3746.1486581995014,2862283223040.0,255.0,0.0,4055.4077190401404,14377999134720.0,255.0,1.0,9506.833802927113,2243.5,1362.6042645731536
4663890063360.0,179.0,0.0,3735.9472368603074,2865742172160.0,255.0,0.0,4073.5882656593008,14377487585280.0,255.0,1.0,9508.85847913404,1976.75,1347.216784413806
4664299253760.0,179.0,0.0,3734.8983875840822,2867118919680.0,255.0,0.0,4080.5956671037993,14377069363200.0,255.0,1.0,9505.97346224787,1864.0,1282.6766596122125
4647696322560.0,179.0,0.0,3675.5255585857285,2893729382400.0,255.0,0.0,4205.422392204157,14369577000960.0,255.0,1.0,9519.145610121048,1966.0,1277.1426931934893
4645621309440.0,179.0,0.0,3677.589618958177,2897337384960.0,255.0,0.0,4218.137416696294,14368008622080.0,255.0,2.0,9517.167032851017,1974.0,1239.5475592107312
4632171601920.0,179.0,0.0,3631.0549940633773,2925666263040.0,255.0,0.0,4339.4388416767115,14361705123840.0,255.0,2.0,9529.05479044396,1791.75,1161.2795275590554
4632337059840.0,179.0,0.0,3635.617559023465,2925809971200.0,255.0,0.0,4332.066986980068,14360944373760.0,255.0,2.0,9526.260584900318,1671.75,1179.7656624443684
4623138816000.0,179.0,0.0,3617.682986780378,2929871032320.0,255.0,0.0,4337.668224718231,14360697016320.0,255.0,2.0,9525.3814092227,1440.75,1170.7054402290623
4637812224000.0,179.0,0.0,3681.24395125744,2905650155520.0,255.0,0.0,4215.1469312429745,14367752970240.0,255.0,2.0,9510.181091167833,1490.0,1194.6050465282751
4637351669760.0,179.0,0.0,3673.1145145490327,2905347317760.0,255.0,0.0,4187.516918338458,14369019064320.0,255.0,2.0,9505.974748447325,1510.5,1208.7526843235505
4645085491200.0,179.0,0.0,3716.510841929489,2882400583680.0,255.0,0.0,4069.566002162361,14375580549120.0,255.0,2.0,9488.76551748494,1458.5,1192.1214636954965
